{"stats":{"minecraft:mined":{"minecraft:tuff":80,"minecraft:spruce_planks":21,"minecraft:white_bed":15,"minecraft:farmland":4,"minecraft:mossy_cobblestone":2,"minecraft:deepslate_diamond_ore":20,"minecraft:cobblestone_stairs":4,"minecraft:brewing_stand":2,"minecraft:obsidian":3,"minecraft:birch_fence_gate":1,"minecraft:granite":126,"minecraft:grass_block":1619,"minecraft:spruce_leaves":229,"minecraft:large_fern":5,"minecraft:hay_block":34,"minecraft:spruce_sapling":1,"minecraft:furnace":4,"minecraft:iron_ore":40,"minecraft:andesite":36,"minecraft:pumpkin":22,"minecraft:deepslate_lapis_ore":4,"minecraft:gold_block":1,"minecraft:bell":2,"minecraft:deepslate_iron_ore":12,"minecraft:dirt_path":2,"minecraft:stone":5977,"minecraft:birch_pressure_plate":3,"minecraft:deepslate_redstone_ore":6,"minecraft:birch_stairs":7,"minecraft:smoker":1,"minecraft:spruce_door":2,"minecraft:crafting_table":10,"minecraft:torch":4,"minecraft:blast_furnace":2,"minecraft:chest":16,"minecraft:campfire":1,"minecraft:tall_grass":1,"minecraft:copper_ore":48,"minecraft:cobblestone":75,"minecraft:grindstone":1,"minecraft:oak_planks":16,"minecraft:sugar_cane":96,"minecraft:wall_torch":5,"minecraft:birch_sapling":1,"minecraft:birch_planks":1,"minecraft:birch_log":87,"minecraft:wheat":13,"minecraft:sweet_berry_bush":66,"minecraft:birch_door":2,"minecraft:spruce_log":1524,"minecraft:birch_leaves":4,"minecraft:bee_nest":1,"minecraft:grass":8,"minecraft:oak_log":37,"minecraft:coal_ore":99,"minecraft:gravel":83,"minecraft:sand":13,"minecraft:dirt":1432,"minecraft:birch_fence":6,"minecraft:oak_leaves":6,"minecraft:deepslate":910,"minecraft:fern":2},"minecraft:used":{"minecraft:iron_shovel":3158,"minecraft:stone_shovel":413,"minecraft:chest":41,"minecraft:spruce_planks":158,"minecraft:iron_sword":103,"minecraft:bell":2,"minecraft:stone_hoe":36,"minecraft:torch":221,"minecraft:brewing_stand":2,"minecraft:dirt":1471,"minecraft:golden_shovel":64,"minecraft:tuff":20,"minecraft:birch_door":2,"minecraft:iron_axe":250,"minecraft:grass_block":32,"minecraft:golden_sword":34,"minecraft:sweet_berries":15,"minecraft:furnace":5,"minecraft:cooked_beef":1,"minecraft:cobbled_deepslate":4,"minecraft:wheat_seeds":50,"minecraft:cooked_mutton":8,"minecraft:water_bucket":1,"minecraft:cobblestone_stairs":42,"minecraft:spruce_door":3,"minecraft:birch_planks":64,"minecraft:stone_pickaxe":35,"minecraft:oak_planks":50,"minecraft:wooden_pickaxe":3,"minecraft:sugar_cane":17,"minecraft:diamond_axe":1356,"minecraft:crafting_table":12,"minecraft:blast_furnace":2,"minecraft:white_bed":19,"minecraft:smoker":1,"minecraft:spruce_log":366,"minecraft:wooden_hoe":49,"minecraft:diamond_pickaxe":4176,"minecraft:iron_pickaxe":3253,"minecraft:bread":38,"minecraft:spruce_sapling":4,"minecraft:stone_axe":179,"minecraft:fishing_rod":10,"minecraft:cobblestone":476,"minecraft:bucket":2,"minecraft:oak_boat":2},"minecraft:killed":{"minecraft:skeleton":1,"minecraft:bee":1,"minecraft:chicken":9,"minecraft:pig":4,"minecraft:creeper":3,"minecraft:sheep":12,"minecraft:zombie":6,"minecraft:cow":44},"minecraft:crafted":{"minecraft:oak_planks":148,"minecraft:stone_shovel":8,"minecraft:furnace":2,"minecraft:cobblestone_stairs":84,"minecraft:bone_meal":9,"minecraft:bookshelf":3,"minecraft:cooked_mutton":10,"minecraft:iron_axe":1,"minecraft:stone_pickaxe":1,"minecraft:chest":25,"minecraft:birch_door":3,"minecraft:stone_hoe":1,"minecraft:wheat":306,"minecraft:cooked_beef":29,"minecraft:diamond_axe":1,"minecraft:crafting_table":3,"minecraft:spruce_planks":240,"minecraft:enchanting_table":1,"minecraft:spruce_door":3,"minecraft:birch_planks":532,"minecraft:stone_axe":2,"minecraft:bread":119,"minecraft:air":0,"minecraft:oak_boat":1,"minecraft:book":11,"minecraft:paper":33,"minecraft:diamond_pickaxe":4,"minecraft:stick":128,"minecraft:iron_ingot":61,"minecraft:iron_pickaxe":13,"minecraft:iron_shovel":13,"minecraft:white_bed":4,"minecraft:torch":324,"minecraft:shears":1},"minecraft:dropped":{"minecraft:bread":6,"minecraft:iron_sword":1,"minecraft:mossy_cobblestone":1,"minecraft:cobblestone":4,"minecraft:leather_helmet":2,"minecraft:stick":23,"minecraft:dirt":1,"minecraft:gold_nugget":8,"minecraft:stone_axe":2,"minecraft:birch_sapling":12,"minecraft:stone_shovel":3,"minecraft:birch_pressure_plate":1,"minecraft:cooked_mutton":2,"minecraft:suspicious_stew":2,"minecraft:spruce_planks":12,"minecraft:diamond_pickaxe":1,"minecraft:leather_boots":1,"minecraft:birch_door":1,"minecraft:leather_leggings":1,"minecraft:egg":1},"minecraft:broken":{"minecraft:iron_shovel":12,"minecraft:golden_shovel":2,"minecraft:golden_sword":1,"minecraft:diamond_pickaxe":2,"minecraft:iron_axe":1,"minecraft:iron_pickaxe":13,"minecraft:wooden_hoe":1,"minecraft:stone_shovel":3},"minecraft:custom":{"minecraft:mob_kills":80,"minecraft:interact_with_crafting_table":73,"minecraft:bell_ring":39,"minecraft:leave_game":4,"minecraft:time_since_death":459580,"minecraft:climb_one_cm":4021,"minecraft:sprint_one_cm":1012963,"minecraft:walk_one_cm":1298016,"minecraft:drop":31,"minecraft:talked_to_villager":8,"minecraft:play_time":459580,"minecraft:sneak_time":24115,"minecraft:walk_under_water_one_cm":19500,"minecraft:boat_one_cm":149469,"minecraft:jump":3681,"minecraft:interact_with_blast_furnace":22,"minecraft:walk_on_water_one_cm":13830,"minecraft:total_world_time":464575,"minecraft:interact_with_furnace":23,"minecraft:sleep_in_bed":23,"minecraft:time_since_rest":66146,"minecraft:damage_taken":896,"minecraft:damage_dealt":8534,"minecraft:swim_one_cm":111031,"minecraft:player_kills":1,"minecraft:fly_one_cm":607545,"minecraft:open_chest":425,"minecraft:crouch_one_cm":66485,"minecraft:interact_with_smoker":2,"minecraft:fish_caught":7,"minecraft:fall_one_cm":47318,"minecraft:horse_one_cm":221006},"minecraft:picked_up":{"minecraft:birch_door":2,"minecraft:crafting_table":10,"minecraft:wheat":13,"minecraft:chicken":11,"minecraft:wooden_pickaxe":2,"minecraft:gold_block":1,"minecraft:brewing_stand":2,"minecraft:raw_copper":155,"minecraft:pufferfish":5,"minecraft:birch_fence":6,"minecraft:gold_nugget":4,"minecraft:cobbled_deepslate":908,"minecraft:spruce_planks":21,"minecraft:beef":100,"minecraft:oak_boat":1,"minecraft:sugar_cane":152,"minecraft:chest":16,"minecraft:birch_sapling":30,"minecraft:furnace":4,"minecraft:egg":2,"minecraft:stick":47,"minecraft:raw_iron":51,"minecraft:torch":35,"minecraft:porkchop":7,"minecraft:redstone":26,"minecraft:rotten_flesh":8,"minecraft:arrow":2,"minecraft:stone_shovel":2,"minecraft:hay_block":34,"minecraft:obsidian":3,"minecraft:mutton":18,"minecraft:cobblestone":5851,"minecraft:white_wool":21,"minecraft:birch_log":210,"minecraft:feather":16,"minecraft:andesite":36,"minecraft:salmon":2,"minecraft:leather":58,"minecraft:smoker":1,"minecraft:flint":11,"minecraft:tuff":80,"minecraft:oak_log":37,"minecraft:cobblestone_stairs":2,"minecraft:lapis_lazuli":25,"minecraft:dirt":2898,"minecraft:birch_pressure_plate":5,"minecraft:leather_boots":1,"minecraft:bone":3,"minecraft:wheat_seeds":38,"minecraft:bell":2,"minecraft:grindstone":1,"minecraft:oak_planks":14,"minecraft:pumpkin":22,"minecraft:sweet_berries":150,"minecraft:birch_stairs":10,"minecraft:birch_fence_gate":1,"minecraft:gravel":75,"minecraft:sand":12,"minecraft:spruce_door":2,"minecraft:spruce_sapling":46,"minecraft:blast_furnace":2,"minecraft:grass_block":32,"minecraft:white_bed":15,"minecraft:spruce_log":1495,"minecraft:mossy_cobblestone":1,"minecraft:diamond":23,"minecraft:granite":119,"minecraft:oak_sapling":2,"minecraft:coal":102}},"DataVersion":3337}