{"stats":{"minecraft:mined":{"minecraft:diamond_ore":2,"minecraft:tuff":40,"minecraft:glow_lichen":1,"minecraft:granite":196,"minecraft:grass_block":246,"minecraft:redstone_ore":2,"minecraft:iron_ore":44,"minecraft:cobbled_deepslate":3,"minecraft:andesite":20,"minecraft:deepslate_lapis_ore":2,"minecraft:deepslate_iron_ore":19,"minecraft:stone":2500,"minecraft:crafting_table":1,"minecraft:torch":12,"minecraft:cobblestone":8,"minecraft:copper_ore":34,"minecraft:deepslate_coal_ore":6,"minecraft:lapis_ore":5,"minecraft:deepslate_gold_ore":12,"minecraft:oak_planks":1,"minecraft:sugar_cane":20,"minecraft:diorite":43,"minecraft:wall_torch":14,"minecraft:birch_sapling":2,"minecraft:birch_log":430,"minecraft:wheat":8,"minecraft:birch_leaves":21,"minecraft:birch_door":4,"minecraft:grass":81,"minecraft:coal_ore":110,"minecraft:gravel":119,"minecraft:dirt":94,"minecraft:gold_ore":8,"minecraft:deepslate":278,"minecraft:birch_fence":1},"minecraft:used":{"minecraft:stone_shovel":347,"minecraft:ladder":12,"minecraft:chest":6,"minecraft:iron_sword":77,"minecraft:torch":125,"minecraft:dirt":202,"minecraft:birch_pressure_plate":3,"minecraft:cod_bucket":13,"minecraft:birch_door":6,"minecraft:iron_axe":188,"minecraft:birch_sapling":28,"minecraft:egg":3,"minecraft:cooked_beef":22,"minecraft:cobbled_deepslate":22,"minecraft:wheat_seeds":14,"minecraft:cooked_mutton":2,"minecraft:water_bucket":10,"minecraft:stone_pickaxe":1472,"minecraft:wooden_pickaxe":2,"minecraft:sugar_cane":19,"minecraft:golden_hoe":7,"minecraft:crafting_table":3,"minecraft:birch_fence":7,"minecraft:wooden_hoe":10,"minecraft:diamond_pickaxe":1559,"minecraft:birch_fence_gate":1,"minecraft:bread":8,"minecraft:iron_pickaxe":319,"minecraft:stone_axe":261,"minecraft:fishing_rod":11,"minecraft:cobblestone":28,"minecraft:bucket":23,"minecraft:bone_meal":3,"minecraft:birch_stairs":7},"minecraft:killed":{"minecraft:spider":1,"minecraft:skeleton":4,"minecraft:chicken":1,"minecraft:creeper":1,"minecraft:zombie":5,"minecraft:enderman":1},"minecraft:crafted":{"minecraft:stone_shovel":2,"minecraft:bone_meal":3,"minecraft:iron_axe":1,"minecraft:ladder":12,"minecraft:birch_fence_gate":1,"minecraft:stone_pickaxe":14,"minecraft:chest":6,"minecraft:birch_door":3,"minecraft:cooked_beef":33,"minecraft:crafting_table":2,"minecraft:wooden_pickaxe":2,"minecraft:birch_pressure_plate":4,"minecraft:bucket":1,"minecraft:birch_planks":188,"minecraft:stone_axe":1,"minecraft:air":0,"minecraft:wooden_hoe":1,"minecraft:birch_fence":6,"minecraft:stick":92,"minecraft:iron_ingot":9,"minecraft:iron_pickaxe":3,"minecraft:torch":80,"minecraft:birch_stairs":12},"minecraft:dropped":{"minecraft:diamond":5,"minecraft:stick":3,"minecraft:torch":8,"minecraft:birch_log":128,"minecraft:birch_stairs":6,"minecraft:birch_sapling":11,"minecraft:birch_pressure_plate":2,"minecraft:diamond_pickaxe":1,"minecraft:wooden_pickaxe":2},"minecraft:broken":{"minecraft:stone_pickaxe":11,"minecraft:diamond_pickaxe":1,"minecraft:stone_axe":2,"minecraft:iron_pickaxe":1,"minecraft:stone_shovel":2},"minecraft:custom":{"minecraft:mob_kills":17,"minecraft:interact_with_crafting_table":41,"minecraft:bell_ring":15,"minecraft:leave_game":3,"minecraft:time_since_death":60018,"minecraft:climb_one_cm":9538,"minecraft:sprint_one_cm":425293,"minecraft:walk_one_cm":629576,"minecraft:drop":32,"minecraft:play_time":240778,"minecraft:deaths":1,"minecraft:sneak_time":22018,"minecraft:walk_under_water_one_cm":9875,"minecraft:jump":2804,"minecraft:interact_with_blast_furnace":5,"minecraft:walk_on_water_one_cm":23447,"minecraft:total_world_time":240778,"minecraft:interact_with_furnace":8,"minecraft:sleep_in_bed":10,"minecraft:time_since_rest":60046,"minecraft:damage_taken":2448,"minecraft:damage_dealt":2651,"minecraft:swim_one_cm":27891,"minecraft:fly_one_cm":304997,"minecraft:open_chest":242,"minecraft:crouch_one_cm":55199,"minecraft:interact_with_smoker":1,"minecraft:fish_caught":6,"minecraft:fall_one_cm":55536},"minecraft:picked_up":{"minecraft:crafting_table":1,"minecraft:birch_door":4,"minecraft:wheat":14,"minecraft:chicken":1,"minecraft:string":2,"minecraft:raw_copper":111,"minecraft:pufferfish":1,"minecraft:birch_fence":1,"minecraft:cobbled_deepslate":277,"minecraft:sugar_cane":19,"minecraft:birch_sapling":41,"minecraft:egg":3,"minecraft:raw_iron":62,"minecraft:stick":33,"minecraft:torch":109,"minecraft:diorite":43,"minecraft:redstone":10,"minecraft:arrow":2,"minecraft:rotten_flesh":5,"minecraft:cod":4,"minecraft:white_wool":1,"minecraft:cobblestone":2536,"minecraft:birch_log":429,"minecraft:cooked_beef":22,"minecraft:salmon":1,"minecraft:water_bucket":1,"minecraft:andesite":20,"minecraft:flint":16,"minecraft:tuff":40,"minecraft:gunpowder":1,"minecraft:lapis_lazuli":67,"minecraft:dirt":379,"minecraft:birch_pressure_plate":1,"minecraft:cooked_mutton":2,"minecraft:bone":7,"minecraft:wheat_seeds":43,"minecraft:raw_gold":20,"minecraft:stone_pickaxe":2,"minecraft:oak_planks":3,"minecraft:iron_sword":2,"minecraft:gravel":102,"minecraft:birch_stairs":1,"minecraft:grass_block":1,"minecraft:leather_helmet":2,"minecraft:diamond":4,"minecraft:stone_axe":1,"minecraft:granite":201,"minecraft:bread":6,"minecraft:coal":115,"minecraft:diamond_pickaxe":2,"minecraft:ender_pearl":1},"minecraft:killed_by":{"minecraft:player":1}},"DataVersion":3337}