{"stats":{"minecraft:broken":{"minecraft:iron_shovel":57,"minecraft:golden_shovel":3,"minecraft:golden_sword":1,"minecraft:diamond_pickaxe":4,"minecraft:stone_shovel":3,"minecraft:golden_hoe":1,"minecraft:diamond_axe":1,"minecraft:iron_axe":4,"minecraft:iron_pickaxe":29,"minecraft:wooden_hoe":1},"minecraft:picked_up":{"minecraft:birch_door":2,"minecraft:wheat":42,"minecraft:enchanted_book":1,"minecraft:brewing_stand":3,"minecraft:string":7,"minecraft:raw_copper":392,"minecraft:deepslate_lapis_ore":4,"minecraft:pufferfish":12,"minecraft:gold_nugget":4,"minecraft:cobbled_deepslate":2559,"minecraft:spruce_planks":24,"minecraft:rose_bush":8,"minecraft:deepslate_iron_ore":4,"minecraft:furnace":4,"minecraft:stick":220,"minecraft:torch":76,"minecraft:porkchop":9,"minecraft:diorite":11,"minecraft:rotten_flesh":17,"minecraft:bookshelf":20,"minecraft:obsidian":4,"minecraft:cod":38,"minecraft:cobblestone":15874,"minecraft:nautilus_shell":2,"minecraft:enchanting_table":1,"minecraft:birch_log":962,"minecraft:feather":16,"minecraft:andesite":107,"minecraft:smoker":1,"minecraft:potato":508,"minecraft:flint":51,"minecraft:tuff":408,"minecraft:lapis_lazuli":67,"minecraft:dirt":13277,"minecraft:leather_boots":1,"minecraft:bone":10,"minecraft:bow":1,"minecraft:wheat_seeds":196,"minecraft:raw_gold":34,"minecraft:bell":2,"minecraft:grindstone":2,"minecraft:bamboo":6,"minecraft:oak_planks":14,"minecraft:sand":242,"minecraft:poisonous_potato":2,"minecraft:birch_fence_gate":1,"minecraft:grass_block":32,"minecraft:lily_of_the_valley":6,"minecraft:jungle_slab":1,"minecraft:mossy_cobblestone":1,"minecraft:diamond":35,"minecraft:deepslate":1362,"minecraft:deepslate_gold_ore":18,"minecraft:granite":194,"minecraft:oak_sapling":2,"minecraft:fishing_rod":1,"minecraft:crafting_table":13,"minecraft:chicken":11,"minecraft:ladder":11,"minecraft:brown_mushroom":4,"minecraft:wooden_pickaxe":2,"minecraft:gold_block":1,"minecraft:iron_axe":1,"minecraft:birch_fence":6,"minecraft:deepslate_diamond_ore":14,"minecraft:beef":100,"minecraft:oak_boat":1,"minecraft:poppy":16,"minecraft:chest":37,"minecraft:sugar_cane":455,"minecraft:birch_sapling":328,"minecraft:spruce_trapdoor":1,"minecraft:phantom_membrane":1,"minecraft:egg":3,"minecraft:copper_ore":15,"minecraft:sandstone":92,"minecraft:raw_iron":91,"minecraft:stone":2059,"minecraft:redstone":307,"minecraft:dark_oak_planks":1,"minecraft:arrow":8,"minecraft:stone_shovel":3,"minecraft:peony":15,"minecraft:hay_block":34,"minecraft:saddle":1,"minecraft:mutton":18,"minecraft:white_wool":21,"minecraft:salmon":18,"minecraft:leather":59,"minecraft:birch_planks":16,"minecraft:oak_log":37,"minecraft:gunpowder":4,"minecraft:cobblestone_stairs":8,"minecraft:white_banner":2,"minecraft:birch_pressure_plate":5,"minecraft:stone_bricks":3,"minecraft:kelp":3,"minecraft:iron_ingot":3,"minecraft:pumpkin":22,"minecraft:birch_boat":19,"minecraft:sweet_berries":150,"minecraft:dandelion":13,"minecraft:gravel":390,"minecraft:birch_stairs":10,"minecraft:blast_furnace":2,"minecraft:spruce_sapling":46,"minecraft:white_bed":64,"minecraft:spruce_log":1504,"minecraft:spruce_door":2,"minecraft:spider_eye":2,"minecraft:coal_ore":13,"minecraft:deepslate_redstone_ore":17,"minecraft:coal":3844},"minecraft:mined":{"minecraft:dark_oak_planks":1,"minecraft:spruce_planks":24,"minecraft:white_bed":64,"minecraft:farmland":91,"minecraft:jungle_slab":1,"minecraft:cobblestone_stairs":10,"minecraft:brewing_stand":3,"minecraft:obsidian":3,"minecraft:spruce_trapdoor":1,"minecraft:granite":212,"minecraft:grass_block":5972,"minecraft:iron_ore":52,"minecraft:cobbled_deepslate":3,"minecraft:pumpkin":22,"minecraft:deepslate_lapis_ore":13,"minecraft:enchanting_table":1,"minecraft:dirt_path":2,"minecraft:deepslate_redstone_ore":83,"minecraft:smoker":1,"minecraft:torch":12,"minecraft:blast_furnace":2,"minecraft:chest":37,"minecraft:cobblestone":110,"minecraft:grindstone":2,"minecraft:sugar_cane":255,"minecraft:oak_planks":16,"minecraft:wall_torch":17,"minecraft:birch_sapling":1,"minecraft:birch_log":843,"minecraft:wheat":13,"minecraft:birch_door":2,"minecraft:grass":10,"minecraft:oak_log":37,"minecraft:sand":258,"minecraft:dirt":7480,"minecraft:oak_leaves":6,"minecraft:deepslate":3975,"minecraft:tuff":417,"minecraft:mossy_cobblestone":2,"minecraft:deepslate_diamond_ore":46,"minecraft:birch_fence_gate":1,"minecraft:spruce_leaves":229,"minecraft:sandstone":168,"minecraft:large_fern":5,"minecraft:hay_block":34,"minecraft:spruce_sapling":1,"minecraft:furnace":4,"minecraft:andesite":116,"minecraft:gold_block":1,"minecraft:bell":2,"minecraft:bookshelf":20,"minecraft:potatoes":140,"minecraft:deepslate_iron_ore":37,"minecraft:bamboo":1,"minecraft:stone":18625,"minecraft:birch_pressure_plate":3,"minecraft:birch_stairs":7,"minecraft:spruce_door":2,"minecraft:crafting_table":13,"minecraft:campfire":1,"minecraft:tall_grass":1,"minecraft:copper_ore":130,"minecraft:deepslate_gold_ore":43,"minecraft:diorite":11,"minecraft:birch_planks":17,"minecraft:sweet_berry_bush":66,"minecraft:spruce_log":1533,"minecraft:birch_leaves":20,"minecraft:bee_nest":1,"minecraft:white_wall_banner":1,"minecraft:coal_ore":340,"minecraft:gravel":436,"minecraft:stone_bricks":3,"minecraft:birch_fence":6,"minecraft:fern":2},"minecraft:killed":{"minecraft:spider":2,"minecraft:cod":4,"minecraft:skeleton":2,"minecraft:bee":1,"minecraft:chicken":9,"minecraft:pig":6,"minecraft:creeper":7,"minecraft:sheep":12,"minecraft:pillager":3,"minecraft:zombie":9,"minecraft:cow":44,"minecraft:phantom":1,"minecraft:drowned":2},"minecraft:used":{"minecraft:iron_shovel":14275,"minecraft:spruce_slab":6,"minecraft:ladder":15,"minecraft:oak_sign":16,"minecraft:chest":374,"minecraft:stone":6,"minecraft:iron_sword":118,"minecraft:bell":2,"minecraft:soul_sand":4,"minecraft:jungle_slab":1,"minecraft:tuff":28,"minecraft:netherite_shovel":868,"minecraft:spruce_wood":128,"minecraft:lantern":97,"minecraft:grass_block":17035,"minecraft:copper_ore":5,"minecraft:stone_brick_stairs":506,"minecraft:stone_bricks":2537,"minecraft:golden_sword":34,"minecraft:reinforced_deepslate":4177,"minecraft:magma_block":1,"minecraft:sweet_berries":17,"minecraft:furnace":33,"minecraft:cooked_cod":3,"minecraft:potato":320,"minecraft:green_stained_glass_pane":90,"minecraft:stripped_spruce_wood":3,"minecraft:diorite":2,"minecraft:spruce_door":3,"minecraft:stone_pickaxe":35,"minecraft:oak_planks":50,"minecraft:wooden_pickaxe":3,"minecraft:sandstone":6,"minecraft:sugar_cane":65,"minecraft:diamond_axe":1550,"minecraft:golden_hoe":25,"minecraft:sand":24,"minecraft:blast_furnace":30,"minecraft:deepslate_redstone_ore":17,"minecraft:sponge":2,"minecraft:stone_brick_wall":92,"minecraft:deepslate_lapis_ore":4,"minecraft:birch_slab":1,"minecraft:deepslate_iron_ore":4,"minecraft:bread":118,"minecraft:deepslate":132,"minecraft:stripped_oak_wood":307,"minecraft:grindstone":2,"minecraft:andesite":1,"minecraft:oak_boat":2,"minecraft:bone_meal":33,"minecraft:experience_bottle":1,"minecraft:netherite_sword":8,"minecraft:enchanting_table":2,"minecraft:stone_shovel":442,"minecraft:spruce_planks":422,"minecraft:tinted_glass":5,"minecraft:deepslate_gold_ore":18,"minecraft:cooked_salmon":3,"minecraft:stone_hoe":36,"minecraft:torch":717,"minecraft:brewing_stand":3,"minecraft:dirt":4279,"minecraft:white_carpet":5,"minecraft:cobblestone_wall":65,"minecraft:golden_shovel":95,"minecraft:spruce_fence":96,"minecraft:birch_door":2,"minecraft:iron_hoe":155,"minecraft:stone_brick_slab":48,"minecraft:sea_lantern":140,"minecraft:bookshelf":40,"minecraft:iron_axe":856,"minecraft:barrel":4,"minecraft:cooked_beef":1,"minecraft:cobbled_deepslate":104,"minecraft:golden_axe":19,"minecraft:wheat_seeds":50,"minecraft:cooked_mutton":8,"minecraft:water_bucket":70,"minecraft:cobblestone_stairs":1252,"minecraft:birch_planks":79,"minecraft:birch_boat":20,"minecraft:cobblestone_slab":24,"minecraft:deepslate_bricks":2853,"minecraft:crafting_table":16,"minecraft:white_bed":85,"minecraft:campfire":3,"minecraft:spruce_log":2492,"minecraft:smoker":1,"minecraft:wooden_hoe":49,"minecraft:diamond_pickaxe":17208,"minecraft:apple":2,"minecraft:iron_pickaxe":7213,"minecraft:spruce_trapdoor":47,"minecraft:spruce_sapling":4,"minecraft:stone_axe":179,"minecraft:fishing_rod":81,"minecraft:cobblestone":3165,"minecraft:potion":2,"minecraft:white_banner":2,"minecraft:jungle_door":1,"minecraft:bucket":29,"minecraft:green_stained_glass":41},"minecraft:crafted":{"minecraft:oak_planks":148,"minecraft:birch_boat":1,"minecraft:cooked_chicken":12,"minecraft:birch_slab":6,"minecraft:stone":264,"minecraft:cobblestone_stairs":164,"minecraft:bookshelf":20,"minecraft:cooked_mutton":18,"minecraft:chest":99,"minecraft:copper_block":53,"minecraft:birch_door":3,"minecraft:stone_hoe":1,"minecraft:stone_bricks":1416,"minecraft:diamond_axe":1,"minecraft:crafting_table":4,"minecraft:spruce_planks":784,"minecraft:baked_potato":223,"minecraft:spruce_door":3,"minecraft:copper_ingot":396,"minecraft:gold_block":9,"minecraft:birch_planks":1008,"minecraft:stone_brick_stairs":64,"minecraft:spruce_trapdoor":48,"minecraft:diamond_pickaxe":9,"minecraft:book":58,"minecraft:paper":213,"minecraft:charcoal":64,"minecraft:emerald_block":1,"minecraft:stick":388,"minecraft:iron_ingot":140,"minecraft:iron_pickaxe":30,"minecraft:gold_ingot":59,"minecraft:shears":1,"minecraft:stone_shovel":8,"minecraft:furnace":2,"minecraft:bone_meal":33,"minecraft:iron_axe":4,"minecraft:ladder":9,"minecraft:spruce_slab":12,"minecraft:iron_hoe":1,"minecraft:stone_pickaxe":1,"minecraft:redstone_block":14,"minecraft:wheat":306,"minecraft:cooked_beef":67,"minecraft:sugar":1,"minecraft:cooked_cod":42,"minecraft:enchanting_table":1,"minecraft:cooked_salmon":18,"minecraft:bucket":1,"minecraft:stone_axe":2,"minecraft:bread":142,"minecraft:air":0,"minecraft:oak_boat":1,"minecraft:iron_shovel":59,"minecraft:white_bed":5,"minecraft:torch":760,"minecraft:lapis_block":4},"minecraft:custom":{"minecraft:interact_with_crafting_table":139,"minecraft:bell_ring":39,"minecraft:leave_game":12,"minecraft:time_since_death":2435635,"minecraft:sprint_one_cm":2722686,"minecraft:drop":145,"minecraft:talked_to_villager":12,"minecraft:play_time":2435635,"minecraft:jump":10960,"minecraft:walk_on_water_one_cm":121857,"minecraft:enchant_item":3,"minecraft:interact_with_furnace":118,"minecraft:sleep_in_bed":97,"minecraft:damage_dealt":11692,"minecraft:player_kills":1,"minecraft:crouch_one_cm":290914,"minecraft:interact_with_smoker":66,"minecraft:horse_one_cm":228850,"minecraft:mob_kills":102,"minecraft:climb_one_cm":18153,"minecraft:walk_one_cm":5842479,"minecraft:sneak_time":103372,"minecraft:walk_under_water_one_cm":428529,"minecraft:boat_one_cm":1182394,"minecraft:interact_with_blast_furnace":125,"minecraft:total_world_time":2469652,"minecraft:interact_with_grindstone":8,"minecraft:time_since_rest":6424,"minecraft:damage_taken":1950,"minecraft:swim_one_cm":157360,"minecraft:fly_one_cm":3488986,"minecraft:open_chest":1859,"minecraft:fish_caught":64,"minecraft:fall_one_cm":106650},"minecraft:dropped":{"minecraft:iron_sword":1,"minecraft:leather_helmet":4,"minecraft:flint":10,"minecraft:dirt":198,"minecraft:gold_nugget":8,"minecraft:sand":36,"minecraft:bone":3,"minecraft:gravel":8,"minecraft:stone_axe":2,"minecraft:birch_sapling":43,"minecraft:rotten_flesh":41,"minecraft:cooked_mutton":2,"minecraft:gunpowder":2,"minecraft:leather_boots":2,"minecraft:birch_door":1,"minecraft:leather_leggings":1,"minecraft:arrow":3,"minecraft:egg":1,"minecraft:stone_hoe":1,"minecraft:bread":6,"minecraft:wheat_seeds":3,"minecraft:mossy_cobblestone":1,"minecraft:poisonous_potato":2,"minecraft:cobblestone":69,"minecraft:coal":3520,"minecraft:stick":30,"minecraft:torch":128,"minecraft:iron_axe":1,"minecraft:string":2,"minecraft:stone_shovel":8,"minecraft:birch_pressure_plate":1,"minecraft:suspicious_stew":2,"minecraft:filled_map":2,"minecraft:stone":4,"minecraft:spruce_trapdoor":1,"minecraft:spruce_planks":12,"minecraft:diamond_pickaxe":1,"minecraft:andesite":4,"minecraft:stone_pickaxe":4}},"DataVersion":3337}