{"stats":{"minecraft:custom":{"minecraft:animals_bred":2,"minecraft:interact_with_crafting_table":82,"minecraft:open_barrel":1,"minecraft:open_shulker_box":17,"minecraft:bell_ring":67,"minecraft:leave_game":7,"minecraft:time_since_death":624850,"minecraft:sprint_one_cm":1252074,"minecraft:drop":106,"minecraft:talked_to_villager":1,"minecraft:play_time":1281392,"minecraft:deaths":4,"minecraft:jump":8470,"minecraft:interact_with_brewingstand":1,"minecraft:walk_on_water_one_cm":164688,"minecraft:interact_with_furnace":39,"minecraft:sleep_in_bed":40,"minecraft:damage_dealt":17703,"minecraft:crouch_one_cm":176109,"minecraft:interact_with_smoker":5,"minecraft:mob_kills":101,"minecraft:climb_one_cm":24724,"minecraft:walk_one_cm":2656719,"minecraft:sneak_time":75432,"minecraft:walk_under_water_one_cm":283990,"minecraft:boat_one_cm":1113184,"minecraft:interact_with_blast_furnace":22,"minecraft:total_world_time":1281392,"minecraft:interact_with_grindstone":5,"minecraft:time_since_rest":542396,"minecraft:damage_taken":7710,"minecraft:swim_one_cm":259086,"minecraft:fly_one_cm":3516346,"minecraft:open_chest":907,"minecraft:fish_caught":6,"minecraft:fall_one_cm":135380},"minecraft:crafted":{"minecraft:oak_planks":44,"minecraft:stone":66,"minecraft:iron_boots":1,"minecraft:birch_fence_gate":3,"minecraft:chest":8,"minecraft:birch_door":3,"minecraft:arrow":64,"minecraft:crafting_table":3,"minecraft:spruce_planks":2,"minecraft:wooden_pickaxe":2,"minecraft:baked_potato":52,"minecraft:birch_pressure_plate":4,"minecraft:copper_ingot":113,"minecraft:birch_planks":624,"minecraft:campfire":7,"minecraft:wooden_hoe":1,"minecraft:iron_chestplate":1,"minecraft:diamond_pickaxe":1,"minecraft:birch_fence":30,"minecraft:stick":234,"minecraft:iron_ingot":38,"minecraft:iron_pickaxe":7,"minecraft:gold_ingot":16,"minecraft:birch_stairs":12,"minecraft:oak_door":6,"minecraft:stone_shovel":2,"minecraft:bone_meal":3,"minecraft:iron_axe":6,"minecraft:ladder":12,"minecraft:stone_pickaxe":14,"minecraft:spruce_boat":1,"minecraft:birch_sign":3,"minecraft:cooked_beef":33,"minecraft:iron_sword":1,"minecraft:bucket":1,"minecraft:stone_axe":1,"minecraft:bread":1,"minecraft:air":0,"minecraft:oak_boat":1,"minecraft:iron_shovel":2,"minecraft:torch":120},"minecraft:mined":{"minecraft:spruce_planks":7,"minecraft:white_bed":13,"minecraft:obsidian":1,"minecraft:granite":196,"minecraft:grass_block":275,"minecraft:iron_ore":45,"minecraft:cobbled_deepslate":10,"minecraft:deepslate_lapis_ore":14,"minecraft:water_cauldron":2,"minecraft:deepslate_redstone_ore":53,"minecraft:torch":235,"minecraft:chest":9,"minecraft:mushroom_stem":1,"minecraft:cobblestone":10,"minecraft:grindstone":2,"minecraft:sugar_cane":20,"minecraft:oak_planks":16,"minecraft:wall_torch":69,"minecraft:cauldron":1,"minecraft:deepslate_copper_ore":8,"minecraft:birch_sapling":2,"minecraft:seagrass":1,"minecraft:mud":66,"minecraft:birch_log":442,"minecraft:wheat":8,"minecraft:birch_door":4,"minecraft:smooth_stone_slab":10,"minecraft:grass":89,"minecraft:oak_log":11,"minecraft:sand":43,"minecraft:dirt":146,"minecraft:red_mushroom_block":10,"minecraft:oak_leaves":2,"minecraft:deepslate":1569,"minecraft:diamond_ore":2,"minecraft:tuff":167,"minecraft:dark_oak_leaves":12,"minecraft:deepslate_diamond_ore":5,"minecraft:oak_door":6,"minecraft:mangrove_roots":5,"minecraft:sea_lantern":2,"minecraft:glow_lichen":3,"minecraft:sandstone":7,"minecraft:redstone_ore":2,"minecraft:andesite":20,"minecraft:peony":14,"minecraft:gold_block":1,"minecraft:potatoes":45,"minecraft:deepslate_iron_ore":38,"minecraft:stone":2510,"minecraft:crafting_table":10,"minecraft:rose_bush":12,"minecraft:campfire":3,"minecraft:copper_ore":34,"minecraft:deepslate_coal_ore":6,"minecraft:lapis_ore":5,"minecraft:deepslate_gold_ore":33,"minecraft:lily_pad":5,"minecraft:diorite":43,"minecraft:blue_bed":7,"minecraft:birch_planks":2,"minecraft:purple_bed":15,"minecraft:green_shulker_box":4,"minecraft:sea_pickle":3,"minecraft:birch_leaves":96,"minecraft:bee_nest":5,"minecraft:white_wall_banner":2,"minecraft:muddy_mangrove_roots":11,"minecraft:coal_ore":116,"minecraft:cocoa":2,"minecraft:gravel":411,"minecraft:gold_ore":8,"minecraft:birch_fence":10},"minecraft:used":{"minecraft:iron_shovel":452,"minecraft:ladder":21,"minecraft:oak_sign":4,"minecraft:chest":39,"minecraft:iron_sword":170,"minecraft:birch_pressure_plate":3,"minecraft:tuff":23,"minecraft:spruce_boat":2,"minecraft:lava_bucket":1,"minecraft:lantern":6,"minecraft:grass_block":2597,"minecraft:birch_sapling":28,"minecraft:item_frame":18,"minecraft:scaffolding":10,"minecraft:mangrove_roots":1,"minecraft:furnace":2,"minecraft:egg":8,"minecraft:potato":45,"minecraft:stone_pickaxe":1472,"minecraft:oak_planks":15,"minecraft:wooden_pickaxe":2,"minecraft:sugar_cane":19,"minecraft:blue_bed":2,"minecraft:dark_oak_trapdoor":6,"minecraft:golden_hoe":7,"minecraft:sand":1169,"minecraft:blast_furnace":2,"minecraft:crossbow":37,"minecraft:sponge":315,"minecraft:shears":58,"minecraft:birch_fence":43,"minecraft:redstone_torch":2,"minecraft:birch_fence_gate":2,"minecraft:birch_slab":4,"minecraft:heavy_weighted_pressure_plate":1,"minecraft:bread":8,"minecraft:oak_pressure_plate":1,"minecraft:gravel":2,"minecraft:soul_lantern":2,"minecraft:stripped_oak_wood":4,"minecraft:oak_boat":5,"minecraft:warped_button":1,"minecraft:bone_meal":3,"minecraft:oak_trapdoor":27,"minecraft:enchanting_table":1,"minecraft:stone_shovel":347,"minecraft:oak_door":8,"minecraft:torch":767,"minecraft:dirt":252,"minecraft:spyglass":31,"minecraft:cobblestone_wall":116,"minecraft:cod_bucket":13,"minecraft:golden_shovel":7,"minecraft:warped_pressure_plate":2,"minecraft:birch_door":6,"minecraft:sea_lantern":22,"minecraft:bookshelf":30,"minecraft:iron_axe":599,"minecraft:barrel":1,"minecraft:goat_horn":3,"minecraft:cooked_beef":74,"minecraft:cobbled_deepslate":342,"minecraft:wheat_seeds":14,"minecraft:cooked_mutton":2,"minecraft:water_bucket":16,"minecraft:cobblestone_stairs":110,"minecraft:dirt_path":33,"minecraft:birch_planks":2,"minecraft:baked_potato":15,"minecraft:green_bed":4,"minecraft:cobblestone_slab":143,"minecraft:tnt":37,"minecraft:crafting_table":13,"minecraft:birch_sign":3,"minecraft:white_bed":15,"minecraft:campfire":4,"minecraft:painting":1,"minecraft:wooden_hoe":10,"minecraft:diamond_pickaxe":2028,"minecraft:chicken":1,"minecraft:oak_button":1,"minecraft:iron_pickaxe":1450,"minecraft:spruce_trapdoor":55,"minecraft:stone_axe":261,"minecraft:fishing_rod":11,"minecraft:green_shulker_box":5,"minecraft:potion":18,"minecraft:cobblestone":75,"minecraft:purple_bed":11,"minecraft:jungle_door":2,"minecraft:bucket":27,"minecraft:sea_pickle":1,"minecraft:birch_stairs":7},"minecraft:killed":{"minecraft:witch":1,"minecraft:spider":1,"minecraft:skeleton":8,"minecraft:bee":3,"minecraft:fox":1,"minecraft:chicken":2,"minecraft:turtle":12,"minecraft:cat":1,"minecraft:wolf":1,"minecraft:pig":14,"minecraft:salmon":1,"minecraft:iron_golem":1,"minecraft:creeper":3,"minecraft:sheep":1,"minecraft:pillager":16,"minecraft:zombie":15,"minecraft:drowned":3,"minecraft:villager":3,"minecraft:enderman":2},"minecraft:dropped":{"minecraft:spruce_sign":1,"minecraft:birch_planks":66,"minecraft:porkchop":27,"minecraft:lapis_lazuli":10,"minecraft:glass_bottle":1,"minecraft:diamond":5,"minecraft:dark_oak_sapling":1,"minecraft:red_mushroom":2,"minecraft:flint":10,"minecraft:dirt":1,"minecraft:large_fern":1,"minecraft:mutton":1,"minecraft:seagrass":12,"minecraft:pumpkin_pie":1,"minecraft:gold_nugget":2,"minecraft:sand":24,"minecraft:birch_log":128,"minecraft:birch_stairs":6,"minecraft:blue_bed":5,"minecraft:bone":2,"minecraft:gravel":203,"minecraft:birch_sapling":11,"minecraft:obsidian":1,"minecraft:rotten_flesh":9,"minecraft:fern":1,"minecraft:white_bed":1,"minecraft:salmon":1,"minecraft:carrot":7,"minecraft:leather_boots":3,"minecraft:chest":7,"minecraft:arrow":1,"minecraft:bread":2,"minecraft:cobblestone":9,"minecraft:copper_ingot":1,"minecraft:stick":3,"minecraft:gray_wool":1,"minecraft:torch":8,"minecraft:pumpkin":2,"minecraft:mud":1,"minecraft:string":2,"minecraft:lily_pad":45,"minecraft:bucket":1,"minecraft:redstone":71,"minecraft:kelp":4,"minecraft:sweet_berries":12,"minecraft:cocoa_beans":4,"minecraft:smooth_stone_slab":13,"minecraft:raw_iron":7,"minecraft:birch_pressure_plate":2,"minecraft:shears":1,"minecraft:pumpkin_seeds":4,"minecraft:potato":15,"minecraft:spruce_planks":2,"minecraft:diamond_pickaxe":1,"minecraft:purple_bed":3,"minecraft:sandstone":2,"minecraft:bow":1,"minecraft:wooden_pickaxe":2,"minecraft:raw_gold":9},"minecraft:picked_up":{"minecraft:seagrass":12,"minecraft:iron_chestplate":2,"minecraft:birch_door":4,"minecraft:wheat":14,"minecraft:potion":1,"minecraft:string":16,"minecraft:raw_copper":148,"minecraft:smooth_stone_slab":13,"minecraft:pufferfish":1,"minecraft:oak_sign":1,"minecraft:sea_pickle":4,"minecraft:gold_nugget":2,"minecraft:cobbled_deepslate":1571,"minecraft:bucket":2,"minecraft:spruce_planks":11,"minecraft:redstone_torch":1,"minecraft:rose_bush":24,"minecraft:iron_pickaxe":3,"minecraft:iron_boots":1,"minecraft:stick":146,"minecraft:torch":659,"minecraft:porkchop":27,"minecraft:diorite":43,"minecraft:cauldron":5,"minecraft:rotten_flesh":11,"minecraft:mangrove_roots":5,"minecraft:obsidian":1,"minecraft:cod":4,"minecraft:cobblestone":2716,"minecraft:nautilus_shell":1,"minecraft:birch_log":450,"minecraft:muddy_mangrove_roots":11,"minecraft:cooked_beef":49,"minecraft:water_bucket":2,"minecraft:andesite":20,"minecraft:potato":171,"minecraft:flint":112,"minecraft:tuff":167,"minecraft:green_shulker_box":4,"minecraft:lapis_lazuli":132,"minecraft:dirt":496,"minecraft:leather_boots":7,"minecraft:bone":10,"minecraft:bow":1,"minecraft:wheat_seeds":54,"minecraft:raw_gold":41,"minecraft:grindstone":6,"minecraft:oak_planks":33,"minecraft:honeycomb":6,"minecraft:sand":64,"minecraft:grass_block":1,"minecraft:lily_of_the_valley":2,"minecraft:sugar":2,"minecraft:diamond":9,"minecraft:spruce_boat":2,"minecraft:granite":201,"minecraft:bread":8,"minecraft:emerald":8,"minecraft:diamond_pickaxe":3,"minecraft:charcoal":12,"minecraft:mud":65,"minecraft:cocoa_beans":4,"minecraft:crafting_table":12,"minecraft:chicken":2,"minecraft:leather_leggings":2,"minecraft:gold_block":1,"minecraft:iron_axe":1,"minecraft:large_fern":1,"minecraft:iron_shovel":1,"minecraft:birch_fence":12,"minecraft:oak_boat":4,"minecraft:poppy":1,"minecraft:iron_nugget":2,"minecraft:chest":9,"minecraft:sugar_cane":19,"minecraft:birch_sapling":116,"minecraft:egg":9,"minecraft:dark_oak_sapling":1,"minecraft:raw_iron":82,"minecraft:sandstone":2,"minecraft:oak_door":6,"minecraft:copper_ingot":2,"minecraft:carrot":7,"minecraft:redstone":242,"minecraft:prismarine_crystals":6,"minecraft:arrow":74,"minecraft:peony":34,"minecraft:beetroot_seeds":5,"minecraft:pumpkin_pie":2,"minecraft:shears":2,"minecraft:saddle":4,"minecraft:gold_ingot":2,"minecraft:mutton":2,"minecraft:white_wool":1,"minecraft:birch_leaves":88,"minecraft:salmon":2,"minecraft:fern":1,"minecraft:red_mushroom":2,"minecraft:birch_planks":260,"minecraft:oak_log":11,"minecraft:lily_pad":124,"minecraft:gunpowder":16,"minecraft:blue_bed":11,"minecraft:paper":9,"minecraft:white_banner":3,"minecraft:birch_pressure_plate":1,"minecraft:cooked_mutton":2,"minecraft:kelp":4,"minecraft:iron_ingot":14,"minecraft:stone_pickaxe":2,"minecraft:glass_bottle":1,"minecraft:iron_sword":5,"minecraft:sweet_berries":12,"minecraft:gravel":906,"minecraft:birch_stairs":1,"minecraft:white_bed":14,"minecraft:spruce_log":1,"minecraft:leather_helmet":4,"minecraft:pumpkin_seeds":4,"minecraft:purple_bed":17,"minecraft:campfire":3,"minecraft:stone_axe":1,"minecraft:gray_wool":3,"minecraft:baked_potato":56,"minecraft:coal":137,"minecraft:ender_pearl":4},"minecraft:broken":{"minecraft:stone_pickaxe":11,"minecraft:diamond_pickaxe":2,"minecraft:stone_axe":2,"minecraft:stone_shovel":2,"minecraft:iron_axe":2,"minecraft:iron_pickaxe":5},"minecraft:killed_by":{"minecraft:witch":2,"minecraft:player":1}},"DataVersion":3337}